{
    "commands": [
        {
            "command_play_time": "3462",
            "command_type": 4
        },
        {
            "command_play_time": "3471",
            "command_type": 4
        },
        {
            "command_play_time": "3481",
            "command_type": 4
        },
        {
            "bottombar_command_object_name": "shakeButton",
            "command_play_time": "4530",
            "command_type": 8
        },
        {
            "command_play_time": "4541",
            "command_type": 4
        },
        {
            "command_play_time": "6153",
            "command_type": 4
        },
        {
            "command_play_time": "6164",
            "command_type": 4
        },
        {
            "command_play_time": "6174",
            "command_type": 4
        },
        {
            "bottombar_command_object_name": "shakeButton",
            "command_play_time": "8050",
            "command_type": 8
        },
        {
            "command_play_time": "8060",
            "command_type": 4
        },
        {
            "command_play_time": "9056",
            "command_type": 4
        },
        {
            "command_play_time": "9066",
            "command_type": 4
        },
        {
            "command_play_time": "9077",
            "command_type": 4
        },
        {
            "bottombar_command_object_name": "shakeButton",
            "command_play_time": "9770",
            "command_type": 8
        },
        {
            "command_play_time": "9781",
            "command_type": 4
        },
        {
            "command_play_time": "10802",
            "command_type": 4
        },
        {
            "command_play_time": "10815",
            "command_type": 4
        },
        {
            "command_play_time": "10825",
            "command_type": 4
        },
        {
            "bottombar_command_object_name": "shakeButton",
            "command_play_time": "11658",
            "command_type": 8
        },
        {
            "command_play_time": "11668",
            "command_type": 4
        },
        {
            "command_play_time": "13019",
            "command_type": 4
        },
        {
            "command_play_time": "13030",
            "command_type": 4
        },
        {
            "command_play_time": "13040",
            "command_type": 4
        },
        {
            "bottombar_command_object_name": "shakeButton",
            "command_play_time": "13826",
            "command_type": 8
        },
        {
            "command_play_time": "13837",
            "command_type": 4
        },
        {
            "command_play_time": "14962",
            "command_type": 4
        },
        {
            "command_play_time": "14971",
            "command_type": 4
        },
        {
            "command_play_time": "14982",
            "command_type": 4
        },
        {
            "bottombar_command_object_name": "shakeButton",
            "command_play_time": "15954",
            "command_type": 8
        },
        {
            "command_play_time": "15964",
            "command_type": 4
        },
        {
            "command_play_time": "16913",
            "command_type": 4
        },
        {
            "command_play_time": "16923",
            "command_type": 4
        },
        {
            "command_play_time": "16934",
            "command_type": 4
        },
        {
            "bottombar_command_object_name": "shakeButton",
            "command_play_time": "17667",
            "command_type": 8
        },
        {
            "command_play_time": "17677",
            "command_type": 4
        },
        {
            "command_play_time": "18368",
            "command_type": 4
        },
        {
            "command_play_time": "18379",
            "command_type": 4
        },
        {
            "command_play_time": "18388",
            "command_type": 4
        },
        {
            "bottombar_command_object_name": "shakeButton",
            "command_play_time": "19106",
            "command_type": 8
        },
        {
            "command_play_time": "19117",
            "command_type": 4
        },
        {
            "command_play_time": "19848",
            "command_type": 4
        },
        {
            "command_play_time": "19857",
            "command_type": 4
        },
        {
            "command_play_time": "19868",
            "command_type": 4
        },
        {
            "bottombar_command_object_name": "shakeButton",
            "command_play_time": "20602",
            "command_type": 8
        },
        {
            "command_play_time": "20612",
            "command_type": 4
        },
        {
            "command_play_time": "21569",
            "command_type": 4
        },
        {
            "command_play_time": "21579",
            "command_type": 4
        },
        {
            "command_play_time": "21588",
            "command_type": 4
        },
        {
            "bottombar_command_object_name": "shakeButton",
            "command_play_time": "22394",
            "command_type": 8
        },
        {
            "command_play_time": "22404",
            "command_type": 4
        },
        {
            "command_play_time": "23338",
            "command_type": 4
        },
        {
            "command_play_time": "23348",
            "command_type": 4
        },
        {
            "command_play_time": "23358",
            "command_type": 4
        },
        {
            "bottombar_command_object_name": "shakeButton",
            "command_play_time": "24164",
            "command_type": 8
        },
        {
            "command_play_time": "24174",
            "command_type": 4
        },
        {
            "command_play_time": "25243",
            "command_type": 4
        },
        {
            "command_play_time": "25254",
            "command_type": 4
        },
        {
            "command_play_time": "25264",
            "command_type": 4
        },
        {
            "bottombar_command_object_name": "shakeButton",
            "command_play_time": "25994",
            "command_type": 8
        },
        {
            "command_play_time": "26004",
            "command_type": 4
        },
        {
            "command_play_time": "26856",
            "command_type": 4
        },
        {
            "command_play_time": "26865",
            "command_type": 4
        },
        {
            "command_play_time": "26876",
            "command_type": 4
        },
        {
            "bottombar_command_object_name": "shakeButton",
            "command_play_time": "27658",
            "command_type": 8
        },
        {
            "command_play_time": "27668",
            "command_type": 4
        },
        {
            "command_play_time": "28522",
            "command_type": 4
        },
        {
            "command_play_time": "28533",
            "command_type": 4
        },
        {
            "command_play_time": "28543",
            "command_type": 4
        },
        {
            "bottombar_command_object_name": "shakeButton",
            "command_play_time": "29339",
            "command_type": 8
        },
        {
            "command_play_time": "29350",
            "command_type": 4
        },
        {
            "command_play_time": "30106",
            "command_type": 4
        },
        {
            "command_play_time": "30116",
            "command_type": 4
        },
        {
            "command_play_time": "30126",
            "command_type": 4
        },
        {
            "bottombar_command_object_name": "shakeButton",
            "command_play_time": "30874",
            "command_type": 8
        },
        {
            "command_play_time": "30884",
            "command_type": 4
        },
        {
            "command_play_time": "31756",
            "command_type": 4
        },
        {
            "command_play_time": "31766",
            "command_type": 4
        },
        {
            "command_play_time": "31776",
            "command_type": 4
        },
        {
            "bottombar_command_object_name": "shakeButton",
            "command_play_time": "32514",
            "command_type": 8
        },
        {
            "command_play_time": "32524",
            "command_type": 4
        },
        {
            "command_play_time": "33424",
            "command_type": 4
        },
        {
            "command_play_time": "33434",
            "command_type": 4
        },
        {
            "command_play_time": "33443",
            "command_type": 4
        },
        {
            "bottombar_command_object_name": "shakeButton",
            "command_play_time": "34291",
            "command_type": 8
        },
        {
            "command_play_time": "34301",
            "command_type": 4
        },
        {
            "command_play_time": "35178",
            "command_type": 4
        },
        {
            "command_play_time": "35190",
            "command_type": 4
        },
        {
            "command_play_time": "35200",
            "command_type": 4
        },
        {
            "bottombar_command_object_name": "shakeButton",
            "command_play_time": "36067",
            "command_type": 8
        },
        {
            "command_play_time": "36077",
            "command_type": 4
        },
        {
            "command_play_time": "36984",
            "command_type": 4
        },
        {
            "command_play_time": "36994",
            "command_type": 4
        },
        {
            "command_play_time": "37005",
            "command_type": 4
        },
        {
            "bottombar_command_object_name": "shakeButton",
            "command_play_time": "37658",
            "command_type": 8
        },
        {
            "command_play_time": "37668",
            "command_type": 4
        },
        {
            "command_play_time": "38464",
            "command_type": 4
        },
        {
            "command_play_time": "38476",
            "command_type": 4
        },
        {
            "command_play_time": "38487",
            "command_type": 4
        },
        {
            "bottombar_command_object_name": "shakeButton",
            "command_play_time": "39330",
            "command_type": 8
        },
        {
            "command_play_time": "39341",
            "command_type": 4
        },
        {
            "command_play_time": "42407",
            "command_type": 4
        },
        {
            "command_play_time": "42417",
            "command_type": 4
        },
        {
            "command_play_time": "42428",
            "command_type": 4
        },
        {
            "command_play_time": "42502",
            "command_type": 10,
            "delay": 0
        }
    ],
    "create_at": "1622723888663",
    "identity": "1622723888663",
    "priority": 0,
    "setting": {
        "anti_detect": true,
        "is_restart": true,
        "name": "strideVibration",
        "play_count": 1,
        "play_interval": 5,
        "play_on_start": false,
        "play_speed": 5,
        "play_time": 600,
        "play_type": "time",
        "restart_play_time": 720
    }
}
